{
	"info": {
		"_postman_id": "8126f4dd-dd8c-4704-b143-b11b681a6075",
		"name": "usuarios",
		"schema": "https://schema.getpostman.com/json/collection/v2.1.0/collection.json"
	},
	"item": [
		{
			"name": "http://localhost:8888/usuarios",
			"request": {
				"method": "GET",
				"header": [],
				"url": {
					"raw": "http://localhost:8888/usuarios",
					"protocol": "http",
					"host": [
						"localhost"
					],
					"port": "8888",
					"path": [
						"usuarios"
					]
				}
			},
			"response": []
		},
		{
			"name": "http://localhost:8888/usuarios/5",
			"request": {
				"method": "GET",
				"header": [],
				"url": {
					"raw": "http://localhost:8888/usuarios/5",
					"protocol": "http",
					"host": [
						"localhost"
					],
					"port": "8888",
					"path": [
						"usuarios",
						"5"
					]
				}
			},
			"response": []
		},
		{
			"name": "http://localhost:8888/usuarios",
			"request": {
				"method": "POST",
				"header": [],
				"body": {
					"mode": "raw",
					"raw": "{\r\n        \"nomeCompleto\": \"Carmem Mello\",\r\n        \"dataNascimento\": \"1967-04-13\",\r\n        \"complemento\": \"Nº120\",\r\n        \"telefone\": \"11940405989\",\r\n        \"email\": \"Carmem.mel23o@gmail.com\",\r\n        \"senha\": \"7b346j3hg4\",\r\n        \"coordenadas\": null,\r\n        \"saldo\": null,\r\n        \"cpf\": \"54756582764\",\r\n        \"cep\": \"02120-040\",\r\n        \"rg\": null\r\n}",
					"options": {
						"raw": {
							"language": "json"
						}
					}
				},
				"url": {
					"raw": "http://localhost:8888/usuarios",
					"protocol": "http",
					"host": [
						"localhost"
					],
					"port": "8888",
					"path": [
						"usuarios"
					]
				}
			},
			"response": []
		},
		{
			"name": "http://localhost:8888/usuarios/6",
			"request": {
				"method": "DELETE",
				"header": [],
				"url": {
					"raw": "http://localhost:8888/usuarios/6",
					"protocol": "http",
					"host": [
						"localhost"
					],
					"port": "8888",
					"path": [
						"usuarios",
						"6"
					]
				}
			},
			"response": []
		},
		{
			"name": "http://localhost:8888/usuarios/5/telefone",
			"request": {
				"method": "PATCH",
				"header": [],
				"body": {
					"mode": "raw",
					"raw": "{\r\n    \"telefone\": \"11000000000\"\r\n}",
					"options": {
						"raw": {
							"language": "json"
						}
					}
				},
				"url": {
					"raw": "http://localhost:8888/usuarios/5/telefone",
					"protocol": "http",
					"host": [
						"localhost"
					],
					"port": "8888",
					"path": [
						"usuarios",
						"5",
						"telefone"
					]
				},
				"description": "Alterar Telefone\r\n"
			},
			"response": []
		},
		{
			"name": "http://localhost:8888/usuarios/5/senha",
			"request": {
				"method": "PATCH",
				"header": [],
				"body": {
					"mode": "raw",
					"raw": "{\r\n    \"senha\": \"notsonull\"\r\n}",
					"options": {
						"raw": {
							"language": "json"
						}
					}
				},
				"url": {
					"raw": "http://localhost:8888/usuarios/5/senha",
					"protocol": "http",
					"host": [
						"localhost"
					],
					"port": "8888",
					"path": [
						"usuarios",
						"5",
						"senha"
					]
				}
			},
			"response": []
		},
		{
			"name": "http://localhost:8888/usuarios/5/endereco",
			"request": {
				"method": "PATCH",
				"header": [],
				"body": {
					"mode": "raw",
					"raw": "{\r\n    \"complemento\": \"Nº457\",\r\n    \"cep\": \"00000-000\"\r\n}",
					"options": {
						"raw": {
							"language": "json"
						}
					}
				},
				"url": {
					"raw": "http://localhost:8888/usuarios/5/endereco",
					"protocol": "http",
					"host": [
						"localhost"
					],
					"port": "8888",
					"path": [
						"usuarios",
						"5",
						"endereco"
					]
				}
			},
			"response": []
		}
	],
	"protocolProfileBehavior": {}
}