{
	"info": {
		"_postman_id": "c334a8bf-3340-4efe-a2f8-f7a8c3b64aa1",
		"name": "cartoes",
		"schema": "https://schema.getpostman.com/json/collection/v2.1.0/collection.json"
	},
	"item": [
		{
			"name": "http://localhost:8888/cartoes",
			"request": {
				"method": "GET",
				"header": [],
				"url": {
					"raw": "http://localhost:8888/cartoes",
					"protocol": "http",
					"host": [
						"localhost"
					],
					"port": "8888",
					"path": [
						"cartoes"
					]
				}
			},
			"response": []
		},
		{
			"name": "http://localhost:8888/cartoes/6",
			"request": {
				"method": "GET",
				"header": [],
				"url": {
					"raw": "http://localhost:8888/cartoes/6",
					"protocol": "http",
					"host": [
						"localhost"
					],
					"port": "8888",
					"path": [
						"cartoes",
						"6"
					]
				}
			},
			"response": []
		},
		{
			"name": "http://localhost:8888/cartoes",
			"request": {
				"method": "POST",
				"header": [],
				"body": {
					"mode": "raw",
					"raw": "{\r\n    \"nomeTitular\": \"Thiago Correia Lupi\",\r\n        \"numeroCartao\": \"5404834629878467\",\r\n        \"tipo\": \"Débito\",\r\n        \"bandeira\": \"Visa\",\r\n        \"dataValidade\": \"11/22\",\r\n        \"cpf\": \"25649745039\",\r\n        \"cvv\": \"946\"\r\n}",
					"options": {
						"raw": {
							"language": "json"
						}
					}
				},
				"url": {
					"raw": "http://localhost:8888/cartoes",
					"protocol": "http",
					"host": [
						"localhost"
					],
					"port": "8888",
					"path": [
						"cartoes"
					]
				}
			},
			"response": []
		},
		{
			"name": "http://localhost:8888/cartoes/6",
			"request": {
				"method": "DELETE",
				"header": [],
				"url": {
					"raw": "http://localhost:8888/cartoes/6",
					"protocol": "http",
					"host": [
						"localhost"
					],
					"port": "8888",
					"path": [
						"cartoes",
						"6"
					]
				}
			},
			"response": []
		},
		{
			"name": "http://localhost:8888/cartoes/5",
			"request": {
				"method": "PUT",
				"header": [],
				"body": {
					"mode": "raw",
					"raw": "{\r\n    \"nomeTitular\": \"Thiago Correia Lupi\",\r\n        \"numeroCartao\": \"5404834629878467\",\r\n        \"tipo\": \"Crédito\",\r\n        \"bandeira\": \"Cielo\",\r\n        \"dataValidade\": \"11/22\",\r\n        \"cpf\": \"25649745039\",\r\n        \"cvv\": \"000\"\r\n}",
					"options": {
						"raw": {
							"language": "json"
						}
					}
				},
				"url": {
					"raw": "http://localhost:8888/cartoes/5",
					"protocol": "http",
					"host": [
						"localhost"
					],
					"port": "8888",
					"path": [
						"cartoes",
						"5"
					]
				}
			},
			"response": []
		}
	],
	"protocolProfileBehavior": {}
}