{
	"info": {
		"_postman_id": "a38c3cdc-57e3-4bf4-a2ad-675c514e03ca",
		"name": "pedidos",
		"schema": "https://schema.getpostman.com/json/collection/v2.1.0/collection.json"
	},
	"item": [
		{
			"name": "http://localhost:8888/pedidos",
			"request": {
				"method": "GET",
				"header": [],
				"url": {
					"raw": "http://localhost:8888/pedidos",
					"protocol": "http",
					"host": [
						"localhost"
					],
					"port": "8888",
					"path": [
						"pedidos"
					]
				}
			},
			"response": []
		},
		{
			"name": "http://localhost:8888/pedidos",
			"request": {
				"method": "GET",
				"header": [],
				"url": {
					"raw": "http://localhost:8888/pedidos/5",
					"protocol": "http",
					"host": [
						"localhost"
					],
					"port": "8888",
					"path": [
						"pedidos",
						"5"
					]
				}
			},
			"response": []
		},
		{
			"name": "http://localhost:8888/pedidos/",
			"request": {
				"method": "POST",
				"header": [],
				"body": {
					"mode": "raw",
					"raw": "{\r\n    \"dataHora\": \"2020-10-26T10:10:30\",\r\n    \"taxaEntrega\": 1.5,\r\n    \"estabelecimento\": \"Mercado do zé\",\r\n    \"produtosDoPedido\": [\r\n        {\r\n            \"idProduto\": 2,\r\n            \"nomeProduto\": \"Chocolate Suflair\",\r\n            \"tipoProduto\": \"alimento\",\r\n            \"valor\": 3.7,\r\n            \"marca\": \"Nestlé\"\r\n        }\r\n    ],\r\n    \"valorTotalCompras\": 0\r\n}",
					"options": {
						"raw": {
							"language": "json"
						}
					}
				},
				"url": {
					"raw": "http://localhost:8888/pedidos/",
					"protocol": "http",
					"host": [
						"localhost"
					],
					"port": "8888",
					"path": [
						"pedidos",
						""
					]
				}
			},
			"response": []
		},
		{
			"name": "http://localhost:8888/pedidos/4",
			"request": {
				"method": "DELETE",
				"header": [],
				"url": {
					"raw": "http://localhost:8888/pedidos/4",
					"protocol": "http",
					"host": [
						"localhost"
					],
					"port": "8888",
					"path": [
						"pedidos",
						"4"
					]
				}
			},
			"response": []
		},
		{
			"name": "http://localhost:8888/pedidos/5",
			"request": {
				"method": "PUT",
				"header": [],
				"body": {
					"mode": "raw",
					"raw": "{\r\n    \"dataHora\" : \"2020-10-12T22:51:53\",\r\n    \"taxaEntrega\" : 2.67,\r\n    \"estabelecimento\" : \"Padaria do Zé\"\r\n}\r\n",
					"options": {
						"raw": {
							"language": "json"
						}
					}
				},
				"url": {
					"raw": "http://localhost:8888/pedidos/5",
					"protocol": "http",
					"host": [
						"localhost"
					],
					"port": "8888",
					"path": [
						"pedidos",
						"5"
					]
				}
			},
			"response": []
		}
	],
	"protocolProfileBehavior": {}
}