{
	"info": {
		"_postman_id": "3a569e27-d81b-44d5-9ccd-3a37fe11425e",
		"name": "posts",
		"schema": "https://schema.getpostman.com/json/collection/v2.1.0/collection.json"
	},
	"item": [
		{
			"name": "http://localhost:8888/posts",
			"request": {
				"method": "GET",
				"header": [],
				"url": {
					"raw": "http://localhost:8888/posts",
					"protocol": "http",
					"host": [
						"localhost"
					],
					"port": "8888",
					"path": [
						"posts"
					]
				}
			},
			"response": []
		},
		{
			"name": "http://localhost:8888/posts/9",
			"request": {
				"method": "GET",
				"header": [],
				"url": {
					"raw": "http://localhost:8888/posts/3",
					"protocol": "http",
					"host": [
						"localhost"
					],
					"port": "8888",
					"path": [
						"posts",
						"3"
					]
				}
			},
			"response": []
		},
		{
			"name": "http://localhost:8888/posts/10",
			"request": {
				"method": "DELETE",
				"header": [],
				"url": {
					"raw": "http://localhost:8888/posts/3",
					"protocol": "http",
					"host": [
						"localhost"
					],
					"port": "8888",
					"path": [
						"posts",
						"3"
					]
				}
			},
			"response": []
		},
		{
			"name": "http://localhost:8888/posts/9",
			"request": {
				"method": "PUT",
				"header": [],
				"body": {
					"mode": "raw",
					"raw": "{\r\n    \"titulo\": \"Indo a Bifarma\",\r\n    \"dataHoraDaRealizacao\": \"2020-11-15T12:45:00\",\r\n    \"descricao\": \"Vou comprar Dorflex, e posso trazer algum produto pra mais alguém\",\r\n    \"taxaDeEntrega\": 2.99,\r\n    \"limiteDeQuantidadeItens\": 4,\r\n    \"localDaTarefa\": \"Praça Cornélia, 161-103 - Água Branca\",\r\n    \"tempoEstimadoRealizacao\": \"01:30:00\"\r\n}",
					"options": {
						"raw": {
							"language": "json"
						}
					}
				},
				"url": {
					"raw": "http://localhost:8888/posts/4",
					"protocol": "http",
					"host": [
						"localhost"
					],
					"port": "8888",
					"path": [
						"posts",
						"4"
					]
				}
			},
			"response": []
		},
		{
			"name": "http://localhost:8888/posts",
			"request": {
				"method": "POST",
				"header": [],
				"body": {
					"mode": "raw",
					"raw": "{\r\n    \"titulo\": \"Indo a farmacia 'Roseira' \",\r\n    \"dataHoraDaRealizacao\": \"2020-11-15T12:45:00\",\r\n    \"descricao\": \"Vou comprar Dorflex, e posso trazer algum produto pra mais alguém\",\r\n    \"taxaDeEntrega\": 1.99,\r\n    \"limiteDeQuantidadeItens\": 4,\r\n    \"localDaTarefa\": \"Praça Cornélia, 161-103 - Água Branca\",\r\n    \"tempoEstimadoRealizacao\": \"00:30:00\"\r\n\r\n}",
					"options": {
						"raw": {
							"language": "json"
						}
					}
				},
				"url": {
					"raw": "http://localhost:8888/posts",
					"protocol": "http",
					"host": [
						"localhost"
					],
					"port": "8888",
					"path": [
						"posts"
					]
				}
			},
			"response": []
		}
	],
	"protocolProfileBehavior": {}
}