{
	"info": {
		"_postman_id": "e1980fa4-f1ca-4f2c-abe0-ea8debd439d6",
		"name": "produtos",
		"schema": "https://schema.getpostman.com/json/collection/v2.1.0/collection.json"
	},
	"item": [
		{
			"name": "http://localhost:8888/produtos",
			"request": {
				"method": "GET",
				"header": [],
				"url": {
					"raw": "http://localhost:8888/produtos",
					"protocol": "http",
					"host": [
						"localhost"
					],
					"port": "8888",
					"path": [
						"produtos"
					]
				}
			},
			"response": []
		},
		{
			"name": "http://localhost:8888/produtos/9",
			"request": {
				"method": "POST",
				"header": [],
				"body": {
					"mode": "raw",
					"raw": "{\r\n   \"nomeProduto\": \"Dorflex\",\r\n        \"tipoProduto\": \"medicamento\",\r\n        \"valor\": 12.46,\r\n        \"marca\": \"Sanofi\"\r\n}",
					"options": {
						"raw": {
							"language": "json"
						}
					}
				},
				"url": {
					"raw": "http://localhost:8888/produtos",
					"protocol": "http",
					"host": [
						"localhost"
					],
					"port": "8888",
					"path": [
						"produtos"
					]
				}
			},
			"response": []
		},
		{
			"name": "http://localhost:8888/produtos/9",
			"request": {
				"method": "GET",
				"header": [],
				"url": {
					"raw": "http://localhost:8888/produtos/2",
					"protocol": "http",
					"host": [
						"localhost"
					],
					"port": "8888",
					"path": [
						"produtos",
						"2"
					]
				}
			},
			"response": []
		},
		{
			"name": "http://localhost:8888/produtos/10",
			"request": {
				"method": "DELETE",
				"header": [],
				"url": {
					"raw": "http://localhost:8888/produtos/1",
					"protocol": "http",
					"host": [
						"localhost"
					],
					"port": "8888",
					"path": [
						"produtos",
						"1"
					]
				}
			},
			"response": []
		},
		{
			"name": "http://localhost:8888/produtos/9",
			"request": {
				"method": "PUT",
				"header": [],
				"body": {
					"mode": "raw",
					"raw": "{\r\n    \"nomeProduto\": \"Dorflex\",\r\n        \"tipoProduto\": \"medicamento\",\r\n        \"valor\": 6.00,\r\n        \"marca\": \"Sanofi\"\r\n}",
					"options": {
						"raw": {
							"language": "json"
						}
					}
				},
				"url": {
					"raw": "http://localhost:8888/produtos/2",
					"protocol": "http",
					"host": [
						"localhost"
					],
					"port": "8888",
					"path": [
						"produtos",
						"2"
					]
				}
			},
			"response": []
		}
	],
	"protocolProfileBehavior": {}
}